"Item type","Authors","Title","Journal","Publication year","Volume","Issue","Pages","Publisher","Address","Date published","ISSN","URLs","DOI","Abstract","Keywords","Notes"
"Journal Article","Doyle DT,Fiesler C,Pater J,Brubaker JR","Designing for Researcher Access in the U.S. Mortality Data Ecosystem","Proc.  ACM Hum. -Comput.  Interact.","2024","8","CSCW2","","Association for Computing Machinery","New York, NY, USA","2024-11","","https://doi.org/10.1145/3687032;http://dx.doi.org/10.1145/3687032","10.1145/3687032","Access to mortality data is critical for researchers for various reasons, including the development of life-saving medical interventions. However, high-quality mortality data is typically unavailable for researchers to access in a timely manner due to bottlenecks and inefficiencies in the coordination of managing mortality data across a vast information ecosystem. To identify opportunities to improve access to mortality data, we conducted a qualitative interview study with 20 experts with direct knowledge and experience with mortality data systems. From these interviews, we mapped the mortality data ecosystem and found that policy constraints are the main underlying cause of bottlenecks and inefficiencies. We argue that policy intervention is required to optimize the coordination of mortality data between databases and between organizations. To support researcher access to mortality data, we present guiding principles for designers seeking to improve the mortality data ecosystem. These principles contribute to CSCW scholarship focused on the challenges of coordination across large information ecosystems and the tradeoffs between technology and policy when designing such systems.","CDC, data and accounts, end-of-life support, law, legislation, policy, regulation",""
"Journal Article","Shah SI,Peristeras V,Magnisalis I","Government Big Data Ecosystem: Definitions, Types of Data, Actors, and Roles and the Impact in Public Administrations","J. Data and Information Quality","2021","13","2","","Association for Computing Machinery","New York, NY, USA","2021-05","1936-1955","https://doi.org/10.1145/3425709;http://dx.doi.org/10.1145/3425709","10.1145/3425709","The public sector, private firms, business community, and civil society are generating data that are high in volume, veracity, and velocity and come from a diversity of sources. This type of data is today known as big data. Public administrations pursue big data as “new oil” and implement data-centric policies to collect, generate, process, share, exploit, and protect data for promoting good governance, transparency, innovative digital services, and citizens’ engagement in public policy. All of the above constitute the Government Big Data Ecosystem (GBDE). Despite the great interest in this ecosystem, there is a lack of clear definitions, the various important types of government data remain vague, the different actors and their roles are not well defined, while the impact in key public administration sectors is not yet deeply understood and assessed. Such research and literature gaps impose a crucial obstacle for a better understanding of the prospects and nascent issues in exploiting GBDE. With this study, we aim to start filling the above-mentioned gaps by organizing our findings from an extended Systematic Literature Review into a framework to organise and address the above-mentioned challenges. Our goal is to contribute in this fast-evolving area by bringing some clarity and establishing common understanding around key elements of the emerging GBDE.","government big data ecosystem, data-driven government, data and information, big data actors and roles, Big data",""
"Journal Article","Wasay A,Tatbul N,Gottschlich J","Machine programming: turning data into programmer productivity","Proc. VLDB Endow.","2022","15","12","3754–3757","VLDB Endowment","","2022-08","2150-8097","https://doi.org/10.14778/3554821.3554892;http://dx.doi.org/10.14778/3554821.3554892","10.14778/3554821.3554892","Machine programming is an emerging research area that improves the software development life cycle from design through deployment. We present a tutorial on machine programming research highlighting aspects relevant to the data systems community. We divide this tutorial into three parts: We begin with an introduction to machine programming introducing its three pillars: intention, invention, and adaptation. Then, we provide an overview of the data ecosystem central to all machine programming systems, highlighting challenges and novel opportunities relevant to the data systems community. Finally, we describe recent advances in machine programming research and how these directions use various data sets to improve the ease of creating and maintaining performant software systems.","",""
"Journal Article","Warren RB,Salehi N","Trial by File Formats: Exploring Public Defenders' Challenges Working with Novel Surveillance Data","Proc.  ACM Hum. -Comput.  Interact.","2022","6","CSCW1","","Association for Computing Machinery","New York, NY, USA","2022-04","","https://doi.org/10.1145/3512914;http://dx.doi.org/10.1145/3512914","10.1145/3512914","In the United States, public defenders (lawyers assigned to people accused of crimes who cannot afford a private attorney) serve as an essential bulwark against wrongful arrest and incarceration for low-income and marginalized people. Public defenders have long been overworked and under-resourced. However, these issues have been compounded by increases in the volume and complexity of data in modern criminal cases. We explore the technology needs of public defenders through a series of semi-structured interviews with public defenders and those who work with them. We find that public defenders' ability to reason about novel surveillance data is woefully inadequate not only due to a lack of resources and knowledge, but also due to the structure of the criminal justice system, which gives prosecutors and police (in partnership with private companies) more control over the type of information used in criminal cases than defense attorneys. We find that public defenders may be able to create fairer situations for their clients with better tools for data interpretation and access. Therefore, we call on technologists to attend to the needs of public defenders and the people they represent when designing systems that collect data about people. Our findings illuminate constraints that technologists and privacy advocates should consider as they pursue solutions. In particular, our work complicates notions of individual privacy as the only value in protecting users' rights, and demonstrates the importance of data interpretation alongside data visibility. As data sources become more complex, control over the data cannot be separated from access to the experts and technology to make sense of that data. The growing surveillance data ecosystem may systematically oppress not only those who are most closely observed, but groups of people whose communities and advocates have been deprived of the storytelling power over their information.","social-technical systems, privacy, digital trace data, criminal justice",""
"Journal Article","Geisler S,Vidal ME,Cappiello C,Lóscio BF,Gal A,Jarke M,Lenzerini M,Missier P,Otto B,Paja E,Pernici B,Rehof J","Knowledge-Driven Data Ecosystems Toward Data Transparency","J. Data and Information Quality","2021","14","1","","Association for Computing Machinery","New York, NY, USA","2021-12","1936-1955","https://doi.org/10.1145/3467022;http://dx.doi.org/10.1145/3467022","10.1145/3467022","A data ecosystem (DE) offers a keystone-player or alliance-driven infrastructure that enables the interaction of different stakeholders and the resolution of interoperability issues among shared data. However, despite years of research in data governance and management, trustability is still affected by the absence of transparent and traceable data-driven pipelines. In this work, we focus on requirements and challenges that DEs face when ensuring data transparency. Requirements are derived from the data and organizational management, as well as from broader legal and ethical considerations. We propose a novel knowledge-driven DE architecture, providing the pillars for satisfying the analyzed requirements. We illustrate the potential of our proposal in a real-world scenario. Last, we discuss and rate the potential of the proposed architecture in the fulfillmentof these requirements.","trustability, data quality, data ecosystems, Data transparency",""
"Journal Article","Seneviratne O,Adams K,McGuinness DL","Accountable Bench-to-Bedside Data-Sharing Mechanism for Researchers","Trans. Soc. Comput.","2023","6","3–4","","Association for Computing Machinery","New York, NY, USA","2023-10","","https://doi.org/10.1145/3609486;http://dx.doi.org/10.1145/3609486","10.1145/3609486","We present a trustworthy mechanism for sharing, reusing, and repurposing data to address the challenge of the costly and time-consuming effort needed to bring an innovative idea from the bench (basic research) to the bedside (clinical level). Even though researchers may generate a solution on their own, other aspects of research, including peer review and dissemination of data/results, have an inherent social component. Compared with the centralized mechanisms of data-sharing (and the subsequent reuse and repurposing), many, if not all, aspects of these processes can be decentralized by using blockchain (for full decentralized and autonomous control), coupled with provenance (to ascertain how and where the resources have been leveraged) and incentive semantics (for characterizing how researchers would be rewarded for their contributions). By capturing metadata details at each step of the workflow, data will be easier to audit, verify, and merge with related datasets. It is common in settings where data is either sensitive or valuable (or both) to have formal data use agreements or sometimes less formal rules for reuse, which we have captured in smart contracts. A key innovative aspect of this work is the departure from the traditional natural language–based data use agreements to make these agreements more computable, resulting in enhanced usability and interoperability by a broader community. We have developed the Data Sharing Ontology, a structured vocabulary to guide various incentive mechanisms and criteria used in the decentralized protocol we introduced with smart contracts. Our solution can track data reuse, provide peer reviews on accountable data reuse, and report any violations, thus providing metrics for measuring data producers’ impact on reward structures and research measures. We introduce the SCIENCE-index designed to incentivize data-sharing in scientific research, which builds upon prior indices used in academic research, such as the h-index and the data-index. The SCIENCE-index is publicly available and automatically calculated by a smart contract based on an individual’s data sharing, reuse, and responsible stewardship activities. By incentivizing fair and honest data-related activities, the SCIENCE-index can help improve the speed, cost, and quality of scientific research. As an example application of this decentralized data-sharing framework, we demonstrate how this approach could radically improve the quality and the efficiency of scientific output in the setting of COVID-19 research data-sharing from the National COVID Cohort Collaborative (N3C).","researcher’s dilemma, incentives, blockchain, Data-sharing",""
"Journal Article","Cao L,Liu Q","COVID-19 Modeling: A Review","ACM Comput. Surv.","2024","57","1","","Association for Computing Machinery","New York, NY, USA","2024-10","0360-0300","https://doi.org/10.1145/3686150;http://dx.doi.org/10.1145/3686150","10.1145/3686150","The SARS-CoV-2 viruses and their triggered COVID-19 pandemic have fundamentally reshaped the world in almost every aspect, their evolution and influences remain. While over a million of literature have been produced on these unprecedented, overwhelming global disaster, one critical question is open: How has COVID-19 been quantified globally? This further inspires many other questions: What COVID-19 problems have been modeled? How have modeling methods in areas such as epidemiology, artificial intelligence (AI), data science, machine learning, deep learning, mathematics and social science played their roles in characterizing COVID-19? Where are the gaps and issues of these COVID-19 modeling studies? What are the lessons for quantifying future disasters? Answering these questions involves the analysis of a very broad spectrum of literature across different disciplines and domains. Distinguishing from specific efforts, this review takes the first attempt to generate a systematic, structured and contrastive landscape and taxonomy of global COVID-19 modeling. First, the surveyed problems span over a full range of COVID-19, including epidemic transmission processes, case identification and tracing, infection diagnosis and medical treatments, non-pharmaceutical interventions and their influence, drug and vaccine development, psychological, economic and social influence and impact, and misinformation, and so on. Second, the reviewed modeling methods traverse all relevant disciplines, from statistic modeling to epidemic modeling, medical analysis, biomedical analysis, AI, deep and machine learning, analytics, and simulation. Critical analyses further identify significant issues and gaps, for example, simple techniques and similar problems have been overwhelmingly addressed everywhere, while intrinsic and foundational issues and deep insights have been overlooked. The review discloses significant opportunities for more deeply, effectively and uniquely quantifying COVID-19-like global disasters from their intrinsic working mechanisms, interactions and dynamics.","COVID-19, SARS-CoV-2, coronavirus, pandemic, COVID-19 modeling, epidemic transmission, artificial intelligence (AI), data science, machine learning, deep learning, modeling, epidemiological modeling, forecasting, prediction, biomedical analysis, statistical modeling, mathematical modeling, data-driven discovery, domain-driven modeling, simulation, influence analysis, impact modeling",""
"Journal Article","Konstantinidis I,Kapantai E,Michailidis A,Deligiannis A,Berberidis C,Magnisalis I,Peristeras V","From document-centric to data-centric public service provision","Digit.  Gov. : Res.  Pract.","2024","5","3","","Association for Computing Machinery","New York, NY, USA","2024-09","","https://doi.org/10.1145/3676279;http://dx.doi.org/10.1145/3676279","10.1145/3676279","The profound digitization of public administration over recent decades has not eliminated information exchange via paper or electronic documents and certificates. We argue that a paradigm shift from document-centric to data-centric public service provision is needed and is feasible today with the exploitation of emerging technologies. We explore frameworks, architectures, benefits, and challenges in transforming document-centric administration processes into integrated, granular data exchange. A conceptual architecture for public service provision is proposed to extract preconditions from legislation, map the needed evidence to the service requirements, standardize evidence types, and integrate authoritative data sources. While promoting efficiency, privacy, and innovation, this shift faces technical and organizational challenges as the analysis of the “National Registry of Administrative Public Services” in Greece reveals. Further research on aligning policies, upholding trust, and coordinating institutional processes is warranted.","data, public service, digital transformation, AI, LLMs, Knowledge Graphs",""
"Journal Article","Barhamgi M,Bertino E","Editorial: Special Issue on Data Transparency—Data Quality, Annotation, and Provenance","J. Data and Information Quality","2022","14","1","","Association for Computing Machinery","New York, NY, USA","2022-02","1936-1955","https://doi.org/10.1145/3494454;http://dx.doi.org/10.1145/3494454","10.1145/3494454","","fairness, accountability, privacy, data quality and annotation, data provenance, Data transparency",""
"Journal Article","Shaharudin A,van Loenen B,Janssen M","Towards a Common Definition of Open Data Intermediaries","Digit.  Gov. : Res.  Pract.","2023","4","2","","Association for Computing Machinery","New York, NY, USA","2023-06","","https://doi.org/10.1145/3585537;http://dx.doi.org/10.1145/3585537","10.1145/3585537","The role of open data intermediaries is considered instrumental in the supply and use of open data. There are various definitions of open data intermediaries in the literature and some of them are quite different from each other. These definitions can benefit from harmonization so knowledge about open data intermediaries can be developed on top of a shared understanding of what open data intermediaries mean. The objective of this article is to propose a common definition of open data intermediaries. We first carried out a systematic literature review and compiled the definitions of open data intermediaries from the literature. We found that each definition can be broken down into four basic components: (i) Who are the actors of open data intermediaries? (ii) What do they do? (iii) Where are they located in the open data lifecycle? and (iv) Why are they needed? We then conducted another round of data gathering and analysis to substantiate the four basic components. We proposed the following common definition of open data intermediaries: Third-party actors who provide specialized resources and capabilities to (i) enhance the supply, flow, and/or use of open data and/or (ii) strengthen the relationships among various open data stakeholders.","definition, infomediaries, intermediaries, Open data",""
"Journal Article","Wang G,Zhao J,Van Kleek M,Shadbolt N","'Don't make assumptions about me!': Understanding Children's Perception of Datafication Online","Proc.  ACM Hum. -Comput.  Interact.","2022","6","CSCW2","","Association for Computing Machinery","New York, NY, USA","2022-11","","https://doi.org/10.1145/3555144;http://dx.doi.org/10.1145/3555144","10.1145/3555144","Datafication, which is the process in which children's actions online are pervasively recorded, tracked, aggregated, analysed, and exploited by online services in multiple ways that include behavioural engineering, and monetisation, is becoming increasing common in the online world today. However, we know little about how children feel about such practices and how they perceive datafication. Through online interviews with 48 children aged 7-13 from UK schools, we examined how children perceive datafication practices, especially how such practices could make inference on them. We identified three key knowledge gaps in children's perceptions, including their lack of recognition of who were involved in the data processing and how, data being transmitted across platforms, and their data ownership. Through situating our findings under a critical algorithmic literacy framework, our findings provided some immediate indications regarding how we could better support children in the datafied society through more transparency and autonomy-supportive designs, as well as the need for a fundamental shift of the current data governance structure.","online platforms, datafication, data inference, children",""
"Journal Article","Zeng X,Hui Y,Shen J,Pavlo A,McKinney W,Zhang H","An Empirical Evaluation of Columnar Storage Formats","Proc. VLDB Endow.","2023","17","2","148–161","VLDB Endowment","","2023-10","2150-8097","https://doi.org/10.14778/3626292.3626298;http://dx.doi.org/10.14778/3626292.3626298","10.14778/3626292.3626298","Columnar storage is a core component of a modern data analytics system. Although many database management systems (DBMSs) have proprietary storage formats, most provide extensive support to open-source storage formats such as Parquet and ORC to facilitate cross-platform data sharing. But these formats were developed over a decade ago, in the early 2010s, for the Hadoop ecosystem. Since then, both the hardware and workload landscapes have changed.In this paper, we revisit the most widely adopted open-source columnar storage formats (Parquet and ORC) with a deep dive into their internals. We designed a benchmark to stress-test the formats' performance and space efficiency under different workload configurations. From our comprehensive evaluation of Parquet and ORC, we identify design decisions advantageous with modern hardware and real-world data distributions. These include using dictionary encoding by default, favoring decoding speed over compression ratio for integer encoding algorithms, making block compression optional, and embedding finer-grained auxiliary data structures. We also point out the inefficiencies in the format designs when handling common machine learning workloads and using GPUs for decoding. Our analysis identified important considerations that may guide future formats to better fit modern technology trends.","",""
"Journal Article","Del Vasto-Terrientes L","Experience: Data Management for Delivering COVID-19 Relief in Panama","J. Data and Information Quality","2023","15","4","","Association for Computing Machinery","New York, NY, USA","2023-11","1936-1955","https://doi.org/10.1145/3623511;http://dx.doi.org/10.1145/3623511","10.1145/3623511","A data-driven public sector recognizes data as a key element for implementing policies based on evidence. The open data movement has been a major catalyst for elevating data to a privileged position in many governments around the globe. In Panama, open data has enabled the improvement of data management in each institution. However, it is required to go further to create an integrated data-driven government with a common objective. Public institutions collect a huge amount of data that may never be used, and some others do not contain enough quality to provide trustworthy results. The state of emergency caused by the COVID-19 showed the necessity of establishing a common digital government vision for planning, delivering, and monitoring public services, as well as strengthening the technical foundation in the public sector to improve the data value cycle: acquisition, storage, and exploitation. This paper reports from a data custodian perspective how the state of emergency worked as a catalyst to boost government data management, specifically for the Vale Digital program, a social relief program linked to the identity card implemented by the Panamanian government during the COVID-19 pandemic, which may possibly be the greatest government data integration to date in terms of impact, data volume, rapid implementation, and institutions involved.","public policies, data integration, data-driven government, Data management",""
"Journal Article","Aljawarneh S,Lara JA","Editorial: Special Issue on Quality Assessment and Management in Big Data—Part I","J. Data and Information Quality","2021","13","2","","Association for Computing Machinery","New York, NY, USA","2021-05","1936-1955","https://doi.org/10.1145/3449052;http://dx.doi.org/10.1145/3449052","10.1145/3449052","","big data, quality management, Quality assessment",""
"Journal Article","Heltweg P,Riehle D","A Systematic Analysis of Problems in Open Collaborative Data Engineering","Trans. Soc. Comput.","2023","6","3–4","","Association for Computing Machinery","New York, NY, USA","2023-12","","https://doi.org/10.1145/3629040;http://dx.doi.org/10.1145/3629040","10.1145/3629040","Collaborative workflows are common in open-source software development. They reduce individual costs and improve the quality of work results. Open data shares many characteristics with open-source software, as it can be used, modified, and redistributed by anyone, for free. However, in contrast to open-source software engineering, collaborative data engineering on open data lacks a shared understanding of processes, methods, and tools. This article presents a systematic literature review of collaboration processes, methods, and tools in data engineering as performed by open data users. An additional interview study with practitioners confirms and enhances the findings and strengthens the resulting insights. We find an ecosystem with heterogeneous participants and no standardized processes, methods, and tools. Participants face a variety of technical and social challenges during their work. Our work provides a structured overview of collaboration systems in open collaborative data engineering, enabling further research. Additionally, we contribute preliminary guidelines for successful open collaborative data engineering projects and recommendations to increase its adoption for open data ecosystems.","open data, data engineering, Collaboration",""
"Journal Article","Dove G,Shanley J,Matuk C,Nov O","Open Data Intermediaries: Motivations, Barriers and Facilitators to Engagement","Proc.  ACM Hum. -Comput.  Interact.","2023","7","CSCW1","","Association for Computing Machinery","New York, NY, USA","2023-04","","https://doi.org/10.1145/3579511;http://dx.doi.org/10.1145/3579511","10.1145/3579511","Open data programs have become increasingly established at national and local levels of government. While the degree of success these programs have had in achieving their objectives remains open to question, one factor that has been identified as important to any success is the role of open data intermediaries, individuals and organizations that help others to make use of open data. In this paper we investigate how people become engaged with open data, what their motivations are, and the barriers and facilitators program participants perceive with regard to using open data effectively. We interview participants from a variety of backgrounds with differing levels of experience and engagement with open data. Participants include students learning how to train others in open data techniques and tools; people who attend open data events and use open data for commercial or social benefit; and representatives from local government, municipal agencies and a civic tech non-profit. We identify pathways to successfully developing and nurturing a community of open data intermediaries, and make five recommendations for organizations planning and managing open data programs.","civic tech, open data, open data intermediaries",""
"Journal Article","Zhu J,Cao J,Saxena D,Jiang S,Ferradi H","Blockchain-empowered Federated Learning: Challenges, Solutions, and Future Directions","ACM Comput. Surv.","2023","55","11","","Association for Computing Machinery","New York, NY, USA","2023-02","0360-0300","https://doi.org/10.1145/3570953;http://dx.doi.org/10.1145/3570953","10.1145/3570953","Federated learning is a privacy-preserving machine learning technique that trains models across multiple devices holding local data samples without exchanging them. There are many challenging issues in federated learning, such as coordinating participants’ activities, arbitrating their benefits, and aggregating models. Most existing solutions employ a centralized approach, in which a trustworthy central authority is needed for coordination. Such an approach incurs many disadvantages, including vulnerability to attacks, lack of credibility, and difficulty in calculating rewards. Recently, blockchain was identified as a potential solution for addressing the abovementioned issues. Extensive research has been conducted, and many approaches, methods, and techniques have been proposed. There is a need for a systematic survey to examine how blockchain can empower federated learning. Although there are many surveys on federated learning, few of them cover blockchain as an enabling technology. This work comprehensively surveys challenges, solutions, and future directions for blockchain-empowered federated learning (BlockFed). First, we identify the critical issues in federated learning and explain why blockchain provides a potential approach to addressing these issues. Second, we categorize existing system models into three classes: decoupled, coupled, and overlapped, according to how the federated learning and blockchain functions are integrated. Then we compare the advantages and disadvantages of these three system models, regard the disadvantages as challenging issues in BlockFed, and investigate corresponding solutions. Finally, we identify and discuss the future directions, including open problems in BlockFed.","incentive mechanisms, client selection, blockchain-based federated learning, federated learning, Blockchain",""
"Journal Article","Zhao X,Qiao J,Huang X,Wang C,Song S,Wang J","Apache TsFile: An IoT-Native Time Series File Format","Proc. VLDB Endow.","2024","17","12","4064–4076","VLDB Endowment","","2024-11","2150-8097","https://doi.org/10.14778/3685800.3685827;http://dx.doi.org/10.14778/3685800.3685827","10.14778/3685800.3685827","The proliferation of the Internet of Things (IoT) has led to an exponential increase in time series data, distributed and applied in various contexts, demanding a dedicated storage solution. Based on our observations and analysis of IoT production systems, we have characterized 3 requirements for time series data: (1) a close association with devices and sensors, (2) continually synchronizing between cloud-edge, and (3) requiring the ability for high ingestion and low latency access on big volume data. Despite the growing trend, current time series database systems lack a standardized file format, and existing open file formats do not adequately leverage the unique characteristics of IoT time series data. In this paper, we introduce Apache TsFile, a specialized file format tailored for IoT time series data. TsFile organizes data by devices, creating indexes based on device-related information. Our experiments demonstrate the efficiency of TsFile in achieving high data ingestion rates, minimizing latency, and optimizing data compactness.","",""
"Journal Article","Karanja EM,Masupe S,Gasennelwe-Jeffrey M","Challenge Paper: Towards Open Datasets for Internet of Things Malware","J. Data and Information Quality","2018","10","2","","Association for Computing Machinery","New York, NY, USA","2018-09","1936-1955","https://doi.org/10.1145/3230669;http://dx.doi.org/10.1145/3230669","10.1145/3230669","","open data, malware datasets, Internet of things",""
"Journal Article","Pedreira P,Erling O,Basmanova M,Wilfong K,Sakka L,Pai K,He W,Chattopadhyay B","Velox: meta's unified execution engine","Proc. VLDB Endow.","2022","15","12","3372–3384","VLDB Endowment","","2022-08","2150-8097","https://doi.org/10.14778/3554821.3554829;http://dx.doi.org/10.14778/3554821.3554829","10.14778/3554821.3554829","The ad-hoc development of new specialized computation engines targeted to very specific data workloads has created a siloed data landscape. Commonly, these engines share little to nothing with each other and are hard to maintain, evolve, and optimize, and ultimately provide an inconsistent experience to data users. In order to address these issues, Meta has created Velox, a novel open source C++ database acceleration library. Velox provides reusable, extensible, high-performance, and dialect-agnostic data processing components for building execution engines, and enhancing data management systems. The library heavily relies on vectorization and adaptivity, and is designed from the ground up to support efficient computation over complex data types due to their ubiquity in modern workloads. Velox is currently integrated or being integrated with more than a dozen data systems at Meta, including analytical query engines such as Presto and Spark, stream processing platforms, message buses and data warehouse ingestion infrastructure, machine learning systems for feature engineering and data preprocessing (PyTorch), and more. It provides benefits in terms of (a) efficiency wins by democratizing optimizations previously only found in individual engines, (b) increased consistency for data users, and (c) engineering efficiency by promoting reusability.","",""
"Journal Article","Thirumuruganathan S,Kunjir M,Ouzzani M,Chawla S","Automated Annotations for AI Data and Model Transparency","J. Data and Information Quality","2021","14","1","","Association for Computing Machinery","New York, NY, USA","2021-12","1936-1955","https://doi.org/10.1145/3460000;http://dx.doi.org/10.1145/3460000","10.1145/3460000","The data and Artificial Intelligence revolution has had a massive impact on enterprises, governments, and society alike. It is fueled by two key factors. First, data have become increasingly abundant and are often available openly. Enterprises have more data than they can process. Governments are spearheading open data initiatives by setting up data portals such as data.gov and releasing large amounts of data to the public. Second, AI engineering development is becoming increasingly democratized. Open source frameworks have enabled even an individual developer to engineer sophisticated AI systems. But with such ease of use comes the potential for irresponsible use of data.Ensuring that AI systems adhere to a set of ethical principles is one of the major problems of our age. We believe that data and model transparency has a key role to play in mitigating the deleterious effects of AI systems. In this article, we describe a framework to synthesize ideas from various domains such as data transparency, data quality, data governance among others to tackle this problem. Specifically, we advocate an approach based on automated annotations (of both data and the AI model), which has a number of appealing properties. The annotations could be used by enterprises to get visibility of potential issues, prepare data transparency reports, create and ensure policy compliance, and evaluate the readiness of data for diverse downstream AI applications. We propose a model architecture and enumerate its key components that could achieve these requirements. Finally, we describe a number of interesting challenges and opportunities.","machine learning, data cleaning, Data transparency",""
"Journal Article","Shute J,Bales S,Brown M,Browne JD,Dolphin B,Kudtarkar R,Litvinov A,Ma J,Morcos J,Shen M,Wilhite D,Wu X,Yu L","SQL Has Problems. We Can Fix Them: Pipe Syntax In SQL","Proc. VLDB Endow.","2024","17","12","4051–4063","VLDB Endowment","","2024-11","2150-8097","https://doi.org/10.14778/3685800.3685826;http://dx.doi.org/10.14778/3685800.3685826","10.14778/3685800.3685826","SQL has been extremely successful as the de facto standard language for working with data. Virtually all mainstream database-like systems use SQL as their primary query language. But SQL is an old language with significant design problems, making it difficult to learn, difficult to use, and difficult to extend. Many have observed these challenges with SQL, and proposed solutions involving new languages. New language adoption is a significant obstacle for users, and none of the potential replacements have been successful enough to displace SQL.In GoogleSQL, we've taken a different approach - solving SQL's problems by extending SQL. Inspired by a pattern that works well in other modern data languages, we added piped data flow syntax to SQL. The results are transformative - SQL becomes a flexible language that's easier to learn, use and extend, while still leveraging the existing SQL ecosystem and existing userbase. Improving SQL from within allows incrementally adopting new features, without migrations and without learning a new language, making this a more productive approach to improve on standard SQL.","",""
"Journal Article","Mountantonakis M,Tzitzikas Y","Large-scale Semantic Integration of Linked Data: A Survey","ACM Comput. Surv.","2019","52","5","","Association for Computing Machinery","New York, NY, USA","2019-09","0360-0300","https://doi.org/10.1145/3345551;http://dx.doi.org/10.1145/3345551","10.1145/3345551","A large number of published datasets (or sources) that follow Linked Data principles is currently available and this number grows rapidly. However, the major target of Linked Data, i.e., linking and integration, is not easy to achieve. In general, information integration is difficult, because (a) datasets are produced, kept, or managed by different organizations using different models, schemas, or formats, (b) the same real-world entities or relationships are referred with different URIs or names and in different natural languages,(c) datasets usually contain complementary information, (d) datasets can contain data that are erroneous, out-of-date, or conflicting, (e) datasets even about the same domain may follow different conceptualizations of the domain, (f) everything can change (e.g., schemas, data) as time passes. This article surveys the work that has been done in the area of Linked Data integration, it identifies the main actors and use cases, it analyzes and factorizes the integration process according to various dimensions, and it discusses the methods that are used in each step. Emphasis is given on methods that can be used for integrating several datasets. Based on this analysis, the article concludes with directions that are worth further research.","semantic web, data discovery, big data, RDF, Data integration",""
"Journal Article","Darian S,Chauhan A,Marton R,Ruppert J,Anderson K,Clune R,Cupchak M,Gannett M,Holton J,Kamas E,Kibozi-Yocka J,Mauro-Gallegos D,Naylor S,O'Malley M,Patel M,Sandberg J,Siegler T,Tate R,Temtim A,Whaley S,Voida A","Enacting Data Feminism in Advocacy Data Work","Proc.  ACM Hum. -Comput.  Interact.","2023","7","CSCW1","","Association for Computing Machinery","New York, NY, USA","2023-04","","https://doi.org/10.1145/3579480;http://dx.doi.org/10.1145/3579480","10.1145/3579480","In this paper, we present the results of a study that examines the role of data in nonprofit advocacy work. We conducted semi-structured interviews with 25 individuals who play critical roles in the data work of 18 different advocacy organizations. Our analysis reveals five key stakeholders in advocacy data work-beneficiaries, policymakers, funding and partner organizations, gatekeepers, and local publics. It also contributes a framework of four functions of data work in nonprofit organizations-data as amplifier, activator, legitimizer, and incubator. We characterize the challenges in data work that exist, particularly in widespread attempts to reappropriate data work across functions. These challenges in reappropriation are often rooted in participants' effects to enact data feminist principles from the margins of the data economy. Finally, we discuss how nonprofit institutions operate outside of the dominant data work goals known as the three Ss (surveillance, selling, and science) and propose a fourth S, social good, that is working to challenge the norms of the data economy and should be considered in research regarding the data economy moving forward.","advocacy, data economy, data feminism, data work, nonprofit, social sector, third sector",""
"Journal Article","Asudeh A,Jagadish HV","Fairly evaluating and scoring items in a data set","Proc. VLDB Endow.","2020","13","12","3445–3448","VLDB Endowment","","2020-08","2150-8097","https://doi.org/10.14778/3415478.3415566;http://dx.doi.org/10.14778/3415478.3415566","10.14778/3415478.3415566","We frequently compute a score for each item in a data set, sometimes for its intrinsic value, but more often as a step towards classification, ranking, and so forth. The importance of computing this score fairly cannot be overstated. In this tutorial, we will develop a framework for how to think about this task, and then present techniques for responsible scoring and link these to traditional data management challenges.","",""
"Journal Article","Hamed N,Rana O,Orozco-terWengel P,Goossens B,Perera C","A Comparison of Open Data Observatories","J. Data and Information Quality","2024","","","","Association for Computing Machinery","New York, NY, USA","2024-11","1936-1955","https://doi.org/10.1145/3705863;http://dx.doi.org/10.1145/3705863","10.1145/3705863","Open Data Observatories refer to online platforms that provide real-time and historical data for a particular application context, e.g., urban/non-urban environments or a specific application domain. They are generally developed to facilitate collaboration within one or more communities through reusable datasets, analysis tools, and interactive visualizations. Open Data Observatories collect and integrate various data from multiple disparate data sources—some providing mechanisms to support real-time data capture and ingest. Data types can include sensor data (soil, weather, traffic, pollution levels) and satellite imagery. Data sources can include Open Data providers, interconnected devices, and services offered through the Internet of Things. The continually increasing volume and variety of such data require timely integration, management, and analysis, yet presented in a way that end-users can easily understand. Data released for open access preserve their value and enable a more in-depth understanding of real-world choices. This survey compares thirteen Open Data Observatories and their data management approaches - investigating their aims, design, and types of data. We conclude with research challenges that influence the implementation of these observatories, outlining some strengths and limitations for each one and recommending areas for improvement. Our goal is to identify best practices learned from the selected observatories to aid the development of new Open Data Observatories.","Urban and non-urban data observatories, FAIR Open Data principles, Data integration, Data platforms.","Just Accepted"
"Journal Article","Wang C,Huang X,Qiao J,Jiang T,Rui L,Zhang J,Kang R,Feinauer J,McGrail KA,Wang P,Luo D,Yuan J,Wang J,Sun J","Apache IoTDB: time-series database for internet of things","Proc. VLDB Endow.","2020","13","12","2901–2904","VLDB Endowment","","2020-08","2150-8097","https://doi.org/10.14778/3415478.3415504;http://dx.doi.org/10.14778/3415478.3415504","10.14778/3415478.3415504","The amount of time-series data that is generated has exploded due to the growing popularity of Internet of Things (IoT) devices and applications. These applications require efficient management of the time-series data on both the edge and cloud side that support high throughput ingestion, low latency query and advanced time series analysis. In this demonstration, we present Apache IoTDB managing time-series data to enable new classes of IoT applications. IoTDB has both edge and cloud versions, provides an optimized columnar file format for efficient time-series data storage, and time-series database with high ingestion rate, low latency queries and data analysis support. It is specially optimized for time-series oriented operations like aggregations query, down-sampling and sub-sequence similarity search. An edge-to-cloud time-series data management application is chosen to demonstrate how IoTDB handles time-series data in real-time and supports advanced analytics by integrating with Hadoop and Spark. An end-to-end IoT data management solution is shown by integrating IoTDB with PLC4x, Calcite, and Grafana.","",""
"Journal Article","Miksa T,Oblasser S,Rauber A","Automating Research Data Management Using Machine-Actionable Data Management Plans","ACM Trans. Manage. Inf. Syst.","2021","13","2","","Association for Computing Machinery","New York, NY, USA","2021-12","2158-656X","https://doi.org/10.1145/3490396;http://dx.doi.org/10.1145/3490396","10.1145/3490396","Many research funders mandate researchers to create and maintain data management plans (DMPs) for research projects that describe how research data is managed to ensure its reusability. A DMP, being a static textual document, is difficult to act upon and can quickly become obsolete and impractical to maintain. A new generation of machine-actionable DMPs (maDMPs) was therefore proposed by the Research Data Alliance to enable automated integration of information and updates. maDMPs open up a variety of use cases enabling interoperability of research systems and automation of data management tasks.In this article, we describe a system for machine-actionable data management planning in an institutional context. We identify common use cases within research that can be automated to benefit from machine-actionability of DMPs. We propose a reference architecture of an maDMP support system that can be embedded into an institutional research data management infrastructure. The system semi-automates creation and maintenance of DMPs, and thus eases the burden for the stakeholders responsible for various DMP elements. We evaluate the proposed system in a case study conducted at the largest technical university in Austria and quantify to what extent the DMP templates provided by the European Commission and a national funding body can be pre-filled. The proof-of-concept implementation shows that maDMP workflows can be semi-automated, thus workload on involved parties can be reduced and quality of information increased. The results are especially relevant to decision makers and infrastructure operators who want to design information systems in a systematic way that can utilize the full potential of maDMPs.","FAIR, RDA, RDM, automation, requirements engineering, funder template, enterprise architecture, business processes, machine-actionable, Data management plan",""
"Journal Article","Bono CA,Cappiello C,Pernici B,Ramalli E,Vitali M","Pipeline Design for Data Preparation for Social Media Analysis","J. Data and Information Quality","2023","15","4","","Association for Computing Machinery","New York, NY, USA","2023-11","1936-1955","https://doi.org/10.1145/3597305;http://dx.doi.org/10.1145/3597305","10.1145/3597305","In a data-driven culture, in which analytics applications are the main resources for supporting decision-making, the use of high-quality datasets is mandatory to minimize errors and risks. For this reason, data analysis tasks need to be preceded by a data preparation pipeline. The design of such a pipeline is not trivial: the data analyst must carefully choose the appropriate operations considering several aspects. This is often performed by adopting a trial-and-error approach that does not always lead to the most effective solution. In addition, extracting information from social media poses specific problems due to the need to consider only posts relevant for the analysis, for its dependence from the context being considered, for its multimedia contents, and for the risk of filtering out informative posts with automatic filters. In this article, we propose a systematic approach to support the design of pipelines that are able to effectively extract a relevant dataset for the goal of the analysis of data from social media. We provide a conceptual model for designing and annotating the data preparation pipeline with quality and performance information, thus providing the data analyst preliminary information on the expected quality of the resulting dataset in a context-aware manner. The generation of metadata related to the processing tasks has been recognized as essential for enabling data sharing and reusability. To this aim, the dataset resulting from the pipeline application is automatically annotated with provenance metadata to get a detailed description of all the activities performed by the pipeline on them. As a case study, we consider the design of a pipeline for creating datasets of images extracted from social media in order to analyze behavioural aspects during COVID-19.","data provenance, human-in-the-loop processes, Data preparation pipeline",""
"Journal Article","Pan Z,Wu T,Zhao Q,Zhou Q,Peng Z,Li J,Zhang Q,Feng G,Zhu X","GeaFlow: A Graph Extended and Accelerated Dataflow System","Proc. ACM Manag. Data","2023","1","2","","Association for Computing Machinery","New York, NY, USA","2023-06","","https://doi.org/10.1145/3589771;http://dx.doi.org/10.1145/3589771","10.1145/3589771","GeaFlow is a distributed dataflow system optimized for streaming graph processing, and has been widely adopted at Ant Group, serving various scenarios ranging from risk control of financial activities to analytics on social networks and knowledge graphs. It is built on top of a base with full-fledged stateful stream processing capabilities, extended with a series of graph-aware optimizations to address the space explosion and programming complexity issues of conventional join-based approaches. We propose new state backends and streaming operators that facilitate processing on dynamic graph-structured datasets, reducing space consumed by states. We develop a hybrid domain-specific language that embeds Gremlin into SQL, supporting both table and graph abstractions over streaming data. In addition to streaming workloads, GeaFlow is also extensively used for some batch processing jobs. In the largest deployments to date, GeaFlow is able to process tens of millions of events per second and manage hundreds of terabytes of states.","graph processing, stream processing",""
"Journal Article","Fadlallah H,Kilany R,Dhayne H,El Haddad R,Haque R,Taher Y,Jaber A","Context-aware Big Data Quality Assessment: A Scoping Review","J. Data and Information Quality","2023","15","3","","Association for Computing Machinery","New York, NY, USA","2023-08","1936-1955","https://doi.org/10.1145/3603707;http://dx.doi.org/10.1145/3603707","10.1145/3603707","The term data quality refers to measuring the fitness of data regarding the intended usage. Poor data quality leads to inadequate, inconsistent, and erroneous decisions that could escalate the computational cost, cause a decline in profits, and cause customer churn. Thus, data quality is crucial for researchers and industry practitioners.Different factors drive the assessment of data quality. Data context is deemed one of the key factors due to the contextual diversity of real-world use cases of various entities such as people and organizations. Data used in a specific context (e.g., an organization policy) may need to be more efficacious for another context. Hence, implementing a data quality assessment solution in different contexts is challenging.Traditional technologies for data quality assessment reached the pinnacle of maturity. Existing solutions can solve most of the quality issues. The data context in these solutions is defined as validation rules applied within the ETL (extract, transform, load) process, i.e., the data warehousing process. In contrast to traditional data quality management, it is impossible to specify all the data semantics beforehand for big data. We need context-aware data quality rules to detect semantic errors in a massive amount of heterogeneous data generated at high speed. While many researchers tackle the quality issues of big data, they define the data context from a specific standpoint. Although data quality is a longstanding research issue in academia and industries, it remains an open issue, especially with the advent of big data, which has fostered the challenge of data quality assessment more than ever.This article provides a scoping review to study the existing context-aware data quality assessment solutions, starting with the existing big data quality solutions in general and then covering context-aware solutions. The strength and weaknesses of such solutions are outlined and discussed. The survey showed that none of the existing data quality assessment solutions could guarantee context awareness with the ability to handle big data. Notably, each solution dealt only with a partial view of the context. We compared the existing quality models and solutions to reach a comprehensive view covering the aspects of context awareness when assessing data quality. This led us to a set of recommendations framed in a methodological framework shaping the design and implementation of any context-aware data quality service for big data. Open challenges are then identified and discussed.","data quality assessment, context awareness, big data, Data quality",""
"Journal Article","Meurisch C,Mühlhäuser M","Data Protection in AI Services: A Survey","ACM Comput. Surv.","2021","54","2","","Association for Computing Machinery","New York, NY, USA","2021-03","0360-0300","https://doi.org/10.1145/3440754;http://dx.doi.org/10.1145/3440754","10.1145/3440754","Advances in artificial intelligence (AI) have shaped today’s user services, enabling enhanced personalization and better support. As such AI-based services inevitably require user data, the resulting privacy implications are de facto the unacceptable face of this technology. In this article, we categorize and survey the cutting-edge research on privacy and data protection in the context of personalized AI services. We further review the different protection approaches at three different levels, namely, the management, system, and AI levels—showing that (i) not all of them meet our identified requirements of evolving AI services and that (ii) many challenges are addressed separately or fragmentarily by different research communities. Finally, we highlight open research challenges and future directions in data protection research, especially that comprehensive protection requires more interdisciplinary research and a combination of approaches at different levels.","privacy, personalization, data protection, data decentralization, AI services",""
"Journal Article","Bopp C,Voida A","""Showing the Context"": A Need for Oligopticonic Information Systems in Homelessness Measurement","Proc.  ACM Hum. -Comput.  Interact.","2023","7","CSCW1","","Association for Computing Machinery","New York, NY, USA","2023-04","","https://doi.org/10.1145/3579622;http://dx.doi.org/10.1145/3579622","10.1145/3579622","Organizations like businesses, governments, and nonprofits often have established milestones to stay focused on their strategic goals. However, public and social sector organizations often have goals that are difficult to measure. To better understand how data can be more sensitively appropriated in difficult-to-measure contexts, we conducted design workshops with 25 individuals with a stake in how homelessness is measured - including funders, staff and people experiencing homelessness. This study provides a detailed account of how diverse stakeholders measure progress towards these often difficult and vague goals. We found that the approaches to data collection fall under either the sociocentric perspective (which seeks to answer questions about community-level impact) or the egocentric perspective (which focuses more on the experience of the individual experiencing homelessness). We argue that in contexts where goals are vague and difficult to observe or measure, collaborative information systems should be approached by combining the sociocentric and egocentric perspectives into an oligopticon, rather than focusing only on the sociocentric perspective (which can be understood as a panopticon). As we outline, oligopticonic information systems have the capacity to deal with more diverse types of data and experiences by embracing the requirements that we have outlined.","context, data, decision making, design workshops, egocentric, homelessness, impact evaluation, oligopticon, outcome measurement, panopticon, sociocentric",""
"Journal Article","Jamieson J,Yamashita N","Escaping the Walled Garden? User Perspectives of Control in Data Portability for Social Media","Proc.  ACM Hum. -Comput.  Interact.","2023","7","CSCW2","","Association for Computing Machinery","New York, NY, USA","2023-10","","https://doi.org/10.1145/3610188;http://dx.doi.org/10.1145/3610188","10.1145/3610188","Data portability--the capability to transfer one's data from one platform to another--has been described as an important tool for giving individuals more control over their data. It is defined in significant regulations such as the GDPR, and implemented by major online platforms. Unfortunately, there is a lack of research investigating internet users' perceptions and expectations of this technology in specific contexts, which is vital for building effective designs. One particularly important context for studying user perspectives is social media, since it is deeply embedded into daily life and is particularly complex regarding the value and portability of user data. This paper addresses that gap through a survey and interviews of social media users in the United States. We identify current attitudes and practices toward controlling their social media data, and examine participants' impressions about the extent to which data portability may enhance their control. Participants had generally favorable impressions, but had differing opinions about what forms of control are important and the extent to which those could be served by data portability. Based on the results, we propose future directions for improving users' control in the context of social media, such as fine-tuned filtering of data to be transferred and ways to coordinate transfers alongside social contacts.","CCPA, GDPR, data protection, digital rights, personal data, privacy, social media data, social networking sites, user control, user empowerment",""
"Journal Article","Zendle D,Flick C,Deterding S,Cutting J,Gordon-Petrovskaya E,Drachen A","The Many Faces of Monetisation: Understanding the Diversity and Extremity of Player Spending in Mobile Games via Massive-scale Transactional Analysis","ACM Games","2023","1","1","","Association for Computing Machinery","New York, NY, USA","2023-03","","https://doi.org/10.1145/3582927;http://dx.doi.org/10.1145/3582927","10.1145/3582927","With the rise of microtransactions, particularly in the mobile games industry, there has been ongoing concern that games reliant on these obtain substantial revenue from a small proportion of heavily involved individuals, to an extent that may be financially burdensome to these individuals. Yet despite substantive grey literature and speculation on this topic, there is little robust data available. We explore the revenue distribution in microtransaction-based mobile games using a transactional dataset of $4.7B in in-game spending drawn from 69,144,363 players of 2,873 mobile games over the course of 624 days. We find diverse revenue distributions in mobile games, ranging from a “uniform” cluster, in which all spenders invest approximately similar amounts, to “hyper-Pareto” games, in which a large proportion of revenue (approximately 38\%) stems from 1\% of spenders alone. Specific kinds of games are typified by higher spending: The more a game relies on its top 1\% for revenue generation, the more these individuals tend to spend, with simulated gambling products (“social casinos”) at the top. We find a small subset of games across all genres, clusters, and age ratings in which the top 1\% of gamers are highly financially involved—spending an average of $66,285 each in the 624 days under evaluation in the most extreme case. We discuss implications for future studies on links between gaming and wellbeing.","mobile gaming, mobile games, video games, monetisation, In-app spending",""
"Journal Article","Anjos JC,Matteussi KJ,Orlandi FC,Barbosa JL,Silva JS,Bittencourt LF,Geyer CF","A Survey on Collaborative Learning for Intelligent Autonomous Systems","ACM Comput. Surv.","2023","56","4","","Association for Computing Machinery","New York, NY, USA","2023-11","0360-0300","https://doi.org/10.1145/3625544;http://dx.doi.org/10.1145/3625544","10.1145/3625544","This survey examines approaches to promote Collaborative Learning in distributed systems for emergent Intelligent Autonomous Systems (IAS). The study involves a literature review of Intelligent Autonomous Systems based on Collaborative Learning, analyzing aspects in four dimensions: computing environment, performance concerns, system management, and privacy concerns, mapping the significant requirements of systems to the emerging Artificial intelligence models. Furthermore, the article explores Collaborative Learning Taxonomy for IAS to demonstrate the correlation between IoT, Big Data, and Human-in-the-Loop. Several technological open issues exist in the aforementioned domains (such as in applications of autonomous driving, robotics in healthcare, cyber security, and others) to effectively achieve the future deployment of Intelligent Autonomous Systems. This Survey aims to organize concepts around IAS, indicating the approaches used to extract knowledge from data in Collaborative Learning for IAS, and identifying open issues. Moreover, it presents a guide to overcoming the existing challenges in decision-making mechanisms with IAS, providing a holistic vision of Big Data and Human-in-the-Loop.","distributed systems, autonomous systems, big data, Collaborative learning",""
"Journal Article","Li Y,Lu J,Chandramouli B","Selection Pushdown in Column Stores using Bit Manipulation Instructions","Proc. ACM Manag. Data","2023","1","2","","Association for Computing Machinery","New York, NY, USA","2023-06","","https://doi.org/10.1145/3589323;http://dx.doi.org/10.1145/3589323","10.1145/3589323","Modern analytical database systems predominantly rely on column-oriented storage, which offers superior compression efficiency due to the nature of the columnar layout. This compression, however, creates challenges in decoding speed during query processing. Previous research has explored predicate pushdown on encoded values to avoid decoding, but these techniques are restricted to specific encoding schemes and predicates, limiting their practical use. In this paper, we propose a generic predicate pushdown approach that supports arbitrary predicates by leveraging selection pushdown to reduce decoding costs. At the core of our approach is a fast select operator capable of directly extracting selected encoded values without decoding, by using Bit Manipulation Instructions, an instruction set extension to the X86 architecture. We empirically evaluate the proposed techniques in the context of Apache Parquet using both micro-benchmarks and the TPC-H benchmark, and show that our techniques improve the query performance of Parquet by up to one order of magnitude with representative scan queries. Further experimentation using Apache Spark demonstrates speed improvements of up to 5.5X even for end-to-end queries involving complex joins.","BMI, column stores, compression, predicate pushdown",""
"Journal Article","Yang Q","Toward Responsible AI: An Overview of Federated Learning for User-centered Privacy-preserving Computing","ACM Trans. Interact. Intell. Syst.","2021","11","3–4","","Association for Computing Machinery","New York, NY, USA","2021-10","2160-6455","https://doi.org/10.1145/3485875;http://dx.doi.org/10.1145/3485875","10.1145/3485875","With the rapid advances of Artificial Intelligence (AI) technologies and applications, an increasing concern is on the development and application of responsible AI technologies. Building AI technologies or machine-learning models often requires massive amounts of data, which may include sensitive, user private information to be collected from different sites or countries. Privacy, security, and data governance constraints rule out a brute force process in the acquisition and integration of these data. It is thus a serious challenge to protect user privacy while achieving high-performance models. This article reviews recent progress of federated learning in addressing this challenge in the context of privacy-preserving computing. Federated learning allows global AI models to be trained and used among multiple decentralized data sources with high security and privacy guarantees, as well as sound incentive mechanisms. This article presents the background, motivations, definitions, architectures, and applications of federated learning as a new paradigm for building privacy-preserving, responsible AI ecosystems.","blockchain, machine learning, data security, user privacy, privacy-preserving computing, decentralized AI, responsible AI, Federated learning",""
"Journal Article","Cooper BF,Narayan PP,Ramakrishnan R,Srivastava U,Silberstein A,Bohannon P,Jacobsen HA,Puz N,Weaver D,Yerneni R","PNUTS to Sherpa: lessons from Yahoo!'s cloud database","Proc. VLDB Endow.","2019","12","12","2300–2307","VLDB Endowment","","2019-08","2150-8097","https://doi.org/10.14778/3352063.3352146;http://dx.doi.org/10.14778/3352063.3352146","10.14778/3352063.3352146","In this paper, we look back at the evolution of Yahoo!'s geo-replicated cloud data store from a research project called PNUTS to a globally deployed production system called Sherpa, share some of the lessons learned along the way, and finally, compare PNUTS with current operational cloud stores.","",""
"Journal Article","Durner D,Chandramouli B,Li Y","Crystal: a unified cache storage system for analytical databases","Proc. VLDB Endow.","2021","14","11","2432–2444","VLDB Endowment","","2021-07","2150-8097","https://doi.org/10.14778/3476249.3476292;http://dx.doi.org/10.14778/3476249.3476292","10.14778/3476249.3476292","Cloud analytical databases employ a disaggregated storage model, where the elastic compute layer accesses data persisted on remote cloud storage in block-oriented columnar formats. Given the high latency and low bandwidth to remote storage and the limited size of fast local storage, caching data at the compute node is important and has resulted in a renewed interest in caching for analytics. Today, each DBMS builds its own caching solution, usually based on file-or block-level LRU. In this paper, we advocate a new architecture of a smart cache storage system called Crystal, that is co-located with compute. Crystal's clients are DBMS-specific ""data sources"" with push-down predicates. Similar in spirit to a DBMS, Crystal incorporates query processing and optimization components focusing on efficient caching and serving of single-table hyper-rectangles called regions. Results show that Crystal, with a small DBMS-specific data source connector, can significantly improve query latencies on unmodified Spark and Greenplum while also saving on bandwidth from remote storage.","",""
"Journal Article","Guo G,Chen H,Yan,Cheng J,Chen JY,Chong Z","Scalable De Novo Genome Assembly Using a Pregel-Like Graph-Parallel System","IEEE/ACM Trans. Comput. Biol. Bioinformatics","2021","18","2","731–744","IEEE Computer Society Press","Washington, DC, USA","2021-04","1545-5963","https://doi.org/10.1109/TCBB.2019.2920912;http://dx.doi.org/10.1109/TCBB.2019.2920912","10.1109/TCBB.2019.2920912","De novo genome assembly is the process of stitching short DNA sequences to generate longer DNA sequences, without using any reference sequence for alignment. It enables high-throughput genome sequencing and thus accelerates the discovery of new genomes. In this paper, we present a toolkit, called PPA-assembler, for de novo genome assembly in a distributed setting. The operations in our toolkit provide strong performance guarantees, and can be assembled to implement various sequencing strategies. PPA-assembler adopts the popular de Bruijn graph based approach for sequencing, and each operation is implemented as a program in Google’s Pregel framework which can be easily deployed in a generic cluster. Experiments on large real and simulated datasets demonstrate that PPA-assembler is much more efficient than the state-of-the-arts while providing comparable sequencing quality. PPA-assembler has been open-sourced at https://github.com/yaobaiwei/PPA-Assembler.","",""
"Journal Article","McClure Haughey M,Muralikumar MD,Wood CA,Starbird K","On the Misinformation Beat: Understanding the Work of Investigative Journalists Reporting on Problematic Information Online","Proc.  ACM Hum. -Comput.  Interact.","2020","4","CSCW2","","Association for Computing Machinery","New York, NY, USA","2020-10","","https://doi.org/10.1145/3415204;http://dx.doi.org/10.1145/3415204","10.1145/3415204","Journalists are increasingly investigating and reporting on problematic online content such as misinformation, disinformation, and conspiracy theories, leading to the creation of a new misinformation beat. The process of collecting, analyzing, and reporting on this kind of data is complex and nuanced. It is especially challenging as online actors attempt to undermine their work. Through in-depth interviews with twelve journalists, we explore how they investigate and report on online misinformation and disinformation. Our findings reveal some of the unique challenges of reporting on this beat, as well as the ways in which reporters overcome those challenges. We highlight and discuss how journalistic values could be better embedded into the design of tools to support their work, the power dynamics between social media companies and journalists, and the promise of collaborations as a way to support and educate journalists on this beat. This work provides contextual knowledge to researchers looking to better support investigative journalists - on the misinformation beat and beyond - as their work becomes more entangled in sociotechnical systems.","social media, misinformation, media manipulation, journalism, disinformation",""
"Journal Article","Sanches P,Brown B","Data Bites Man: The Production of Malaria by Technology","Proc.  ACM Hum. -Comput.  Interact.","2018","2","CSCW","","Association for Computing Machinery","New York, NY, USA","2018-11","","https://doi.org/10.1145/3274422;http://dx.doi.org/10.1145/3274422","10.1145/3274422","Malaria surveillance is a practice concerned with collection and analysis of data. This paper presents an ethnographical account of an international team of researchers producing data about malaria in the Zanzibar archipelago. We show that malaria is increasingly constituted by data, and inextricably interwoven with the practices of data workers using ICT tools. Through the practices we document here malaria: 1) becomes a problem to be managed by asymptomatic, as well as symptomatic individuals, 2) increases its geographical incidence through surveillance data and articulation work, and 3) becomes more certain, through coordination mechanisms enabled by ICT. As electronic data, malaria builds and mobilizes diverse human, organizational, and infrastructural worlds around it, who must now be dedicated to its production, management, and care.","surveillance, practices, malaria, data, coordination work",""
"Journal Article","Pibiri GE,Venturini R","Clustered Elias-Fano Indexes","ACM Trans. Inf. Syst.","2017","36","1","","Association for Computing Machinery","New York, NY, USA","2017-04","1046-8188","https://doi.org/10.1145/3052773;http://dx.doi.org/10.1145/3052773","10.1145/3052773","State-of-the-art encoders for inverted indexes compress each posting list individually. Encoding clusters of posting lists offers the possibility of reducing the redundancy of the lists while maintaining a noticeable query processing speed.In this article, we propose a new index representation based on clustering the collection of posting lists and, for each created cluster, building an ad hoc reference list with respect to which all lists in the cluster are encoded with Elias-Fano. We describe a posting lists clustering algorithm tailored for our encoder and two methods for building the reference list for a cluster. Both approaches are heuristic and differ in the way postings are added to the reference list: according to their frequency in the cluster or according to the number of bits necessary for their representation.The extensive experimental analysis indicates that significant space reductions are indeed possible, beating the best state-of-the-art encoders.","performance, inverted indexes, Elias-Fano encoding",""
"Journal Article","Cresci S,Lillo F,Regoli D,Tardelli S,Tesconi M","Cashtag Piggybacking: Uncovering Spam and Bot Activity in Stock Microblogs on Twitter","ACM Trans. Web","2019","13","2","","Association for Computing Machinery","New York, NY, USA","2019-04","1559-1131","https://doi.org/10.1145/3313184;http://dx.doi.org/10.1145/3313184","10.1145/3313184","Microblogs are increasingly exploited for predicting prices and traded volumes of stocks in financial markets. However, it has been demonstrated that much of the content shared in microblogging platforms is created and publicized by bots and spammers. Yet, the presence (or lack thereof) and the impact of fake stock microblogs has never been systematically investigated before. Here, we study 9M tweets related to stocks of the five main financial markets in the US. By comparing tweets with financial data from Google Finance, we highlight important characteristics of Twitter stock microblogs. More importantly, we uncover a malicious practice—referred to as cashtag piggybacking—perpetrated by coordinated groups of bots and likely aimed at promoting low-value stocks by exploiting the popularity of high-value ones. Among the findings of our study is that as much as 71% of the authors of suspicious financial tweets are classified as bots by a state-of-the-art spambot-detection algorithm. Furthermore, 37% of them were suspended by Twitter a few months after our investigation. Our results call for the adoption of spam- and bot-detection techniques in all studies and applications that exploit user-generated content for predicting the stock market.","stock market, spam and bot detection, social networks security, Twitter, Social spam",""
"Journal Article","Bagherzadeh M,Fireman N,Shawesh A,Khatchadourian R","Actor concurrency bugs: a comprehensive study on symptoms, root causes, API usages, and differences","Proc. ACM Program. Lang.","2020","4","OOPSLA","","Association for Computing Machinery","New York, NY, USA","2020-11","","https://doi.org/10.1145/3428282;http://dx.doi.org/10.1145/3428282","10.1145/3428282","Actor concurrency is becoming increasingly important in the development of real-world software systems. Although actor concurrency may be less susceptible to some multithreaded concurrency bugs, such as low-level data races and deadlocks, it comes with its own bugs that may be different. However, the fundamental characteristics of actor concurrency bugs, including their symptoms, root causes, API usages, examples, and differences when they come from different sources are still largely unknown. Actor software development can significantly benefit from a comprehensive qualitative and quantitative understanding of these characteristics, which is the focus of this work, to foster better API documentation, development practices, testing, debugging, repairing, and verification frameworks. To conduct this study, we take the following major steps. First, we construct a set of 186 real-world Akka actor bugs from Stack Overflow and GitHub via manual analysis of 3,924 Stack Overflow questions, answers, and comments and 3,315 GitHub commits, messages, original and modified code snippets, issues, and pull requests. Second, we manually study these actor bugs and their fixes to understand and classify their symptoms, root causes, and API usages. Third, we study the differences between the commonalities and distributions of symptoms, root causes, and API usages of our Stack Overflow and GitHub actor bugs. Fourth, we discuss real-world examples of our actor bugs with these symptoms and root causes. Finally, we investigate the relation of our findings with those of previous work and discuss their implications. A few findings of our study are: (1) symptoms of our actor bugs can be classified into five categories, with Error as the most common symptom and Incorrect Exceptions as the least common, (2) root causes of our actor bugs can be classified into ten categories, with Logic as the most common root cause and Untyped Communication as the least common, (3) a small number of Akka API packages are responsible for most of API usages by our actor bugs, and (4) our Stack Overflow and GitHub actor bugs can differ significantly in commonalities and distributions of their symptoms, root causes, and API usages. While some of our findings agree with those of previous work, others sharply contrast.","Stack Overflow, GitHub, Akka actor bugs, Actor bug symptoms, Actor bug root causes, Actor bug differences, Actor bug API usages",""
"Journal Article","Park S,Matic A,Garg K,Oliver N","When Simpler Data Does Not Imply Less Information: A Study of User Profiling Scenarios With Constrained View of Mobile HTTP(S) Traffic","ACM Trans. Web","2018","12","2","","Association for Computing Machinery","New York, NY, USA","2018-01","1559-1131","https://doi.org/10.1145/3143402;http://dx.doi.org/10.1145/3143402","10.1145/3143402","The exponential growth in smartphone adoption is contributing to the availability of vast amounts of human behavioral data. This data enables the development of increasingly accurate data-driven user models that facilitate the delivery of personalized services that are often free in exchange for the use of its customers’ data. Although such usage conventions have raised many privacy concerns, the increasing value of personal data is motivating diverse entities to aggressively collect and exploit the data. In this article, we unfold profiling scenarios around mobile HTTP(S) traffic, focusing on those that have limited but meaningful segments of the data. The capability of the scenarios to profile personal information is examined with real user data, collected in the wild from 61 mobile phone users for a minimum of 30 days. Our study attempts to model heterogeneous user traits and interests, including personality, boredom proneness, demographics, and shopping interests. Based on our modeling results, we discuss various implications to personalization, privacy, and personal data rights.","user modeling, personalized services, Mobile computing",""
"Journal Article","Joe-Wong C,Sen S,Ha S","Sponsoring Mobile Data: Analyzing the Impact on Internet Stakeholders","IEEE/ACM Trans. Netw.","2018","26","3","1179–1192","IEEE Press","","2018-06","1063-6692","https://doi.org/10.1109/TNET.2018.2826531;http://dx.doi.org/10.1109/TNET.2018.2826531","10.1109/TNET.2018.2826531","As demand for mobile data increases, end users increasingly need to pay more for consuming data. Sponsored data is a new pricing model that allows content providers CPs to subsidize some of this cost. It potentially offers benefits to multiple Internet stakeholders: users can enjoy lower data costs, CPs can attract more users by subsidizing their data access, and Internet service providers ISPs can create new revenue streams by charging CPs for sponsored data. However, the distribution of these benefits between different users, CPs, and the ISP remains unclear. Although concerns have been raised that sponsored data disproportionately benefits larger, less cost-sensitive CPs, little attention has been paid to analyzing sponsored data’s impact on end users. This paper does so by first formulating an analytical model of user, CP, and ISP interactions for heterogeneous users and CPs and deriving their optimal behaviors. We then show that while all three parties can benefit from sponsored data, sponsorship benefits users more than CPs. These disproportionate benefits are more pronounced for more cost-sensitive users when they receive sponsorship from less cost-sensitive CPs, indicating that sponsored data may help to bridge the digital divide between users who can afford the cost of mobile data and those who cannot. We then show that sponsorship disproportionately benefits less cost-sensitive CPs and more cost-sensitive users, exacerbating disparities among CPs but reducing disparities among users. We finally illustrate these results through numerical simulations with data from a commercial pricing trial.","",""
"Journal Article","Xu H,Yu Z,Li XY,Huang L,Qian C,Jung T,Xu H,Yu Z,Li XY,Huang L,Qian C,Jung T","Joint Route Selection and Update Scheduling for Low-Latency Update in SDNs","IEEE/ACM Trans. Netw.","2017","25","5","3073–3087","IEEE Press","","2017-10","1063-6692","https://doi.org/10.1109/TNET.2017.2717441;http://dx.doi.org/10.1109/TNET.2017.2717441","10.1109/TNET.2017.2717441","Due to flow dynamics, a software defined network SDN may need to frequently update its data plane so as to optimize various performance objectives, such as load balancing. Most previous solutions first determine a new route configuration based on the current flow status, and then update the forwarding paths of existing flows. However, due to slow update operations of Ternary Content Addressable Memory-based flow tables, unacceptable update delays may occur, especially in a large or frequently changed network. According to recent studies, most flows have short duration and the workload of the entire network will vary significantly after a long duration. As a result, the new route configuration may be no longer efficient for the workload after the update, if the update duration takes too long. In this paper, we address the real-time route update, which jointly considers the optimization of flow route selection in the control plane and update scheduling in the data plane. We formulate the delay-satisfied route update problem, and prove its NP-hardness. Two algorithms with bounded approximation factors are designed to solve this problem. We implement the proposed methods on our SDN test bed. The experimental results and extensive simulation results show that our method can reduce the route update delay by about 60% compared with previous route update methods while preserving a similar routing performance with link load ratio increased less than 3%.","",""
"Journal Article","Rossetti G,Cazabet R","Community Discovery in Dynamic Networks: A Survey","ACM Comput. Surv.","2018","51","2","","Association for Computing Machinery","New York, NY, USA","2018-02","0360-0300","https://doi.org/10.1145/3172867;http://dx.doi.org/10.1145/3172867","10.1145/3172867","Several research studies have shown that complex networks modeling real-world phenomena are characterized by striking properties: (i) they are organized according to community structure, and (ii) their structure evolves with time. Many researchers have worked on methods that can efficiently unveil substructures in complex networks, giving birth to the field of community discovery. A novel and fascinating problem started capturing researcher interest recently: the identification of evolving communities. Dynamic networks can be used to model the evolution of a system: nodes and edges are mutable, and their presence, or absence, deeply impacts the community structure that composes them.This survey aims to present the distinctive features and challenges of dynamic community discovery and propose a classification of published approaches. As a “user manual,” this work organizes state-of-the-art methodologies into a taxonomy, based on their rationale, and their specific instantiation. Given a definition of network dynamics, desired community characteristics, and analytical needs, this survey will support researchers to identify the set of approaches that best fit their needs. The proposed classification could also help researchers choose in which direction to orient their future research.","temporal networks, community discovery, Dynamic networks",""
